ZOHO_LINK_ID,Employee ID,First Name,Last Name,Nick name,Email address,Photo,Department,Designation,Zoho Role,Employment Type,Employee Status,Source of Hire,Date of Joining,Current Experience,Total Experience,Reporting Manager,Date of Birth,Age,Gender,Marital Status,About Me,Ask me about/Expertise,Work Phone Number,Extension,Seating Location,Tags,Personal Mobile Number,Personal Email Address,Date of Exit,Added By,Modified By,Added Time,Modified Time,Onboarding Status,Present Address,Permanent Address
7.85825E+17,6,trang,Nguyen,,trang@gmail.com,https://static.zohocdn.com/zp5/people2/images/user.1cd290025aa644ed1749eb127cac7700.png,Sales,,Team member,Trainee,Active,Direct,24-Oct-24,,,Nam Nguyễn 1,5-Sep-03,21 year(s) 1 month(s),Female,Single,,,7932815821,,,HR,84-0953217573,trang@gmail.com,,1 - Nam - Nguyễn,1 - Nam - Nguyễn,10/25/2024 16:31,10/25/2024 17:35,,Đống Đa,Đống Đa
7.85825E+17,1,Nam,Nguyen,nam,nam@gmail.com,https://static.zohocdn.com/zp5/people2/images/user.1cd290025aa644ed1749eb127cac7700.png,Digital Marketing,,Team member,Permanent,Active,,5-Jun-19,5 year(s) 4 month(s),5 year(s) 4 month(s),Nam Nguyễn 1,8-Dec-03,20 year(s) 10 month(s),Male,Single,,,787218621,,,,84-078172364,nam@gmail.com,,1 - Nam - Nguyễn,1 - Nam - Nguyễn,10/25/2024 16:25,10/25/2024 19:00,,"Kim Ma,000000","Kim Ma,000000"
7.85825E+17,5,Minh,Nguyen,,minh@gmail.com,https://static.zohocdn.com/zp5/people2/images/user.1cd290025aa644ed1749eb127cac7700.png,Customer Support,,Team member,Permanent,Active,Referral,6-May-21,3 year(s) 5 month(s),3 year(s) 5 month(s),Nam Nguyễn 1,6-Jul-00,24 year(s) 3 month(s),Male,Single,,,93217436,,,,84-0951213257,minh@gmail.com,,1 - Nam - Nguyễn,1 - Nam - Nguyễn,10/25/2024 16:23,10/25/2024 17:30,Triggered,"Hung Yen,000000","Hung Yen,000000"
7.85825E+17,4,Huy,Quang,,huy@gmail.com,https://static.zohocdn.com/zp5/people2/images/user.1cd290025aa644ed1749eb127cac7700.png,Digital Marketing,,Team member,On Contract,Active,,12-Aug-22,2 year(s) 2 month(s),2 year(s) 2 month(s),Nam Nguyễn 1,5-Jun-99,25 year(s) 4 month(s),Male,Single,,,93827175,,,Digital Marketing,84-0937214321,huy@gmail.com,,1 - Nam - Nguyễn,1 - Nam - Nguyễn,10/25/2024 16:21,10/25/2024 16:22,Triggered,"Cầu Giấy,000000","Cầu Giấy,000000"
7.85825E+17,3,Lam,Phung,,lam@gmail.com,https://static.zohocdn.com/zp5/people2/images/user.1cd290025aa644ed1749eb127cac7700.png,Sales,,Team member,On Contract,Active,Direct,7-Dec-22,1 year(s) 10 month(s),1 year(s) 10 month(s),Nam Nguyễn 1,8-Aug-97,27 year(s) 2 month(s),Male,Single,,,93217537,,,Sales,84-093721532,lam@gmail.com,,1 - Nam - Nguyễn,1 - Nam - Nguyễn,10/25/2024 16:19,10/25/2024 19:01,Triggered,"THanh Tri,000000","THanh Tri,000000"
7.85825E+17,2,Hau,Trieu,hau,hau@gmail.com,https://static.zohocdn.com/zp5/people2/images/user.1cd290025aa644ed1749eb127cac7700.png,HR,,Team member,On Contract,Active,Web,20-Aug-21,3 year(s) 2 month(s),3 year(s) 2 month(s),Nam Nguyễn 1,9-Aug-98,26 year(s) 2 month(s),Female,Single,,,928157121,,2,HR,84-0321958321,hau@gmail.com,25-Oct-24,1 - Nam - Nguyễn,1 - Nam - Nguyễn,10/25/2024 16:15,10/25/2024 19:01,Triggered,"Đống Đa,000000000","Đống Đa,000000000"
