ZOHO_LINK_ID,ID Nhân Viên,Tên,Họ,Biệt Danh,Địa chỉ email,Ảnh,Phòng,Chỉ định,Zoho Role,Loại Công Việc,Trạng Thái Nhân Viên,Nguồn tuyển dụng,Ngày Gia Nhập,Kinh nghiệm hiện tại,Tổng Kinh Nghiệm,Người Quản Lý Báo Cáo,Ngày sinh,Tuổi,Giới tính,Tình Trạng Hôn Nhân,Tự Giới Thiệu,Hỏi Thêm Thông Tin/Chuyên Môn,Số điện thoại công việc,Số máy lẻ,Vị Trí Chỗ Ngồi,Tag,Số Di Động Cá Nhân,Địa Chỉ Email Cá Nhân,Ngày Nghỉ Việc,Thêm Bởi,Người Điều Chỉnh,Thời Gian Thêm,Thời Gian Điều Chỉnh,Trạng Thái Giới Thiệu Nhân Viên Mới,Present Address,Permanent Address
8.37316E+17,S20,Christopher,Brown,Chris,christopherbrown@zylker.com,viewPhoto?filename=7436047000000032003,Management,Administration,Team member,Permanent,Active,Referral,5-Jan-15,9 năm 9 tháng,17 năm 7 tháng,Nam Nguyen 1,2-Feb-87,37 năm 9 tháng,Male,Married,,,727-555-5656,5,FL_ADMIN_4,,239-222-4633,,,1 - Nam - Nguyen,1 - Nam - Nguyen,10/29/2024 22:11,10/29/2024 22:11,,"360 NW,98th St,Miami,Florida,UNITED STATES",
8.37316E+17,S19,Michael,Johnson,Mike,michaeljohnson@zylker.com,viewPhoto?filename=7436047000000031003,Management,Administration,Team member,Permanent,Active,Web,3-Jan-04,20 năm 10 tháng,20 năm 10 tháng,Nam Nguyen 1,5-Feb-82,42 năm 8 tháng,Male,Married,,,727-555-4545,4,FL_ADMIN_3,,239-221-8049,,,1 - Nam - Nguyen,1 - Nam - Nguyen,10/29/2024 22:11,10/29/2024 22:11,,"360 NW,98th St,Miami,Florida,UNITED STATES",
8.37316E+17,S18,William,Smith,William,williamsmith@zylker.com,viewPhoto?filename=7436047000000036005,IT,Team Member,Team member,On Contract,Active,Web,1-Oct-12,12 năm 1 tháng,17 năm 9 tháng,Caspian Jones S9,3-Apr-98,26 năm 6 tháng,Male,Married,,,727-555-3434,20,FL_3_S3,,239-220-3595,,,1 - Nam - Nguyen,1 - Nam - Nguyen,10/29/2024 22:11,10/29/2024 22:11,,"6422 Collins Ave,#APT 302,Miami Beach,Florida,UNITED STATES",
8.37316E+17,S17,Amardeep,Banjeet,Amardeep,amardeepbanjeet@zylker.com,viewPhoto?filename=7436047000000035003,IT,Team Member,Team member,Permanent,Active,Direct,1-Sep-18,6 năm 2 tháng,7 năm 5 tháng,Caspian Jones S9,3-Aug-91,33 năm 2 tháng,Male,Single,,,727-555-2323,19,FL_3_S2,,239-219-1450,,,1 - Nam - Nguyen,1 - Nam - Nguyen,10/29/2024 22:11,10/29/2024 22:11,,"13750 SW,181st Ter,Miami,Florida,UNITED STATES",
8.37316E+17,S16,Andrea,Garcia,Andrea,andreagarcia@zylker.com,viewPhoto?filename=7436047000000037001,IT,Team Member,Team member,On Contract,Active,Direct,9-Aug-20,4 năm 2 tháng,4 năm 2 tháng,Caspian Jones S9,22-Aug-80,44 năm 2 tháng,Female,Married,,,727-555-1212,18,FL_3_S1,,239-218-9181,,,1 - Nam - Nguyen,1 - Nam - Nguyen,10/29/2024 22:11,10/29/2024 22:11,,"620 NW,214th St,Miami,Florida,UNITED STATES",
8.37316E+17,S15,Aparna,Acharya,Aparna,aparnaacharya@zylker.com,viewPhoto?filename=7436047000000034003,IT,Team Member,Team member,On Contract,Active,Referral,8-Jul-12,12 năm 3 tháng,15 năm 11 tháng,Asher Miller S8,13-Oct-85,39 năm,Female,Single,,,561-555-5656,17,FL_2_D3,,239-217-1342,,,1 - Nam - Nguyen,1 - Nam - Nguyen,10/29/2024 22:11,10/29/2024 22:11,,"620 NW,214th St,Miami,Florida,UNITED STATES",
8.37316E+17,S14,Emily,Jones,Emily,emilyjones@zylker.com,viewPhoto?filename=7436047000000032002,IT,Team Member,Team member,Permanent,Active,Direct,2-Sep-09,15 năm 2 tháng,20 năm 5 tháng,Asher Miller S8,1-Oct-82,42 năm 1 tháng,Female,Single,,,561-555-4545,16,FL_2_D2,,239-216-6399,,,1 - Nam - Nguyen,1 - Nam - Nguyen,10/29/2024 22:11,10/29/2024 22:11,,"1551,Jefferson Ave,Miami Beach,Florida,UNITED STATES",
